eid,age
7609,101.84796
3031,100.849
4461,100.67896
924,100.24597
2390,100.13098
