eid,alb
4764,29.0
8698,10.8984375
6322,8.5996094
8037,6.2998047
