{
  "stratum": "High_MM",
  "K": 5,
  "silhouette": 0.08178769457934977,
  "calinski_harabasz": 96.56308885552987,
  "davies_bouldin": 2.0528386704440416,
  "n": 1100
}